,K,stock_avg,total_mag,perte_mag,ratio_mag,total_ligne,perte_ligne,ratio_ligne,avg_total_cost
0,0.0,67.21160189330128,63595.0,10779.0,0.16949445711140812,127091.0,20.0,0.00015736755553107616,58.69732050846151
1,10.0,65.40232717959509,61950.0,4965.0,0.08014527845036319,122915.0,817.0,0.006646869788064923,31.783940723536222
2,20.0,64.91585222663483,60179.0,890.0,0.014789212183652105,120623.0,4446.0,0.03685864221582948,12.28871992480802
3,30.0,66.72430343454289,59955.0,127.0,0.0021182553581853055,120096.0,10533.0,0.08770483613109513,8.978262456880776
4,40.0,68.76012536885715,60089.0,7.0,0.00011649386742997886,119815.0,17155.0,0.1431790677294162,9.246540069618174
5,50.0,71.54140879983791,60322.0,0.0,0.0,119584.0,24016.0,0.20082954241370082,10.516895311633826
6,60.0,73.46271850493912,59774.0,0.0,0.0,120141.0,32038.0,0.26666999608793,12.446605380956289
